{"cameraMode":{"drawMode":2,"name":"Shaded Wireframe","section":"Shading Mode"},"sceneLighting":true,"audioPlay":false,"sceneViewState":{"showFog":true,"showMaterialUpdate":false,"showSkybox":true,"showFlares":true,"showImageEffects":true,"showParticleSystems":true},"in2DMode":false,"pivot":{"x":81.02900695800781,"y":390.38177490234377,"z":-422.947021484375},"rotation":{"x":0.6679573655128479,"y":-0.004499123897403479,"z":0.004811056889593601,"w":0.7442927360534668},"size":1728.2353515625,"orthographic":false}