{"cameraMode":{"drawMode":0,"name":"Shaded","section":"Shading Mode"},"sceneLighting":true,"audioPlay":false,"sceneViewState":{"showFog":true,"showMaterialUpdate":false,"showSkybox":true,"showFlares":true,"showImageEffects":true,"showParticleSystems":true},"in2DMode":false,"pivot":{"x":10.227554321289063,"y":1.369999885559082,"z":53.90977478027344},"rotation":{"x":0.029454730451107026,"y":0.18436482548713685,"z":-0.015594168566167355,"w":0.9829528331756592},"size":4.854590892791748,"orthographic":false}