{"cameraMode":{"drawMode":0,"name":"Shaded","section":"Shading Mode"},"sceneLighting":false,"audioPlay":false,"sceneViewState":{"showFog":true,"showMaterialUpdate":false,"showSkybox":false,"showFlares":true,"showImageEffects":true,"showParticleSystems":true},"in2DMode":false,"pivot":{"x":167.0105743408203,"y":254.76214599609376,"z":-115.66796875},"rotation":{"x":-0.04420486465096474,"y":-0.02455943450331688,"z":0.00923391617834568,"w":-0.9993429183959961},"size":822.2327270507813,"orthographic":false}