{"cameraMode":{"drawMode":0,"name":"Shaded","section":"Shading Mode"},"sceneLighting":true,"audioPlay":false,"sceneViewState":{"showFog":true,"showMaterialUpdate":false,"showSkybox":true,"showFlares":true,"showImageEffects":true,"showParticleSystems":true},"in2DMode":false,"pivot":{"x":233.7958526611328,"y":52.60757827758789,"z":224.3588409423828},"rotation":{"x":0.6667924523353577,"y":-0.011435195803642273,"z":0.0038211506325751545,"w":0.7460376620292664},"size":574.5756225585938,"orthographic":false}