{"cameraMode":{"drawMode":0,"name":"Shaded","section":"Shading Mode"},"sceneLighting":true,"audioPlay":false,"sceneViewState":{"showFog":true,"showMaterialUpdate":false,"showSkybox":true,"showFlares":true,"showImageEffects":true,"showParticleSystems":true},"in2DMode":false,"pivot":{"x":200.395263671875,"y":26.061492919921876,"z":87.20401763916016},"rotation":{"x":-0.7160220742225647,"y":0.010155237279832363,"z":-0.0009799232939258218,"w":-0.6989462971687317},"size":217.52210998535157,"orthographic":false}