{"cameraMode":{"drawMode":0,"name":"Shaded","section":"Shading Mode"},"sceneLighting":true,"audioPlay":false,"sceneViewState":{"showFog":true,"showMaterialUpdate":false,"showSkybox":true,"showFlares":true,"showImageEffects":true,"showParticleSystems":true},"in2DMode":false,"pivot":{"x":-5.361518383026123,"y":-36.129364013671878,"z":260.9953918457031},"rotation":{"x":-0.24015997350215913,"y":0.43014439940452578,"z":-0.12022635340690613,"w":-0.8623340129852295},"size":470.138671875,"orthographic":false}