{"cameraMode":{"drawMode":0,"name":"Shaded","section":"Shading Mode"},"sceneLighting":true,"audioPlay":false,"sceneViewState":{"showFog":true,"showMaterialUpdate":false,"showSkybox":true,"showFlares":true,"showImageEffects":true,"showParticleSystems":true},"in2DMode":false,"pivot":{"x":134.6160430908203,"y":35.1449089050293,"z":98.09398651123047},"rotation":{"x":0.0008631020318716764,"y":0.6965073943138123,"z":-0.7183035612106323,"w":0.013267606496810913},"size":238.83526611328126,"orthographic":false}