{"cameraMode":{"drawMode":0,"name":"Shaded","section":"Shading Mode"},"sceneLighting":true,"audioPlay":false,"sceneViewState":{"showFog":true,"showMaterialUpdate":false,"showSkybox":true,"showFlares":true,"showImageEffects":true,"showParticleSystems":true},"in2DMode":false,"pivot":{"x":29.881717681884767,"y":3.850543737411499,"z":17.920700073242189},"rotation":{"x":0.500243067741394,"y":-0.4948680102825165,"z":0.4154684543609619,"w":0.5774658918380737},"size":79.69315338134766,"orthographic":false}