{"cameraMode":{"drawMode":0,"name":"Shaded","section":"Shading Mode"},"sceneLighting":false,"audioPlay":false,"sceneViewState":{"showFog":true,"showMaterialUpdate":false,"showSkybox":false,"showFlares":true,"showImageEffects":true,"showParticleSystems":true},"in2DMode":false,"pivot":{"x":-0.07677048444747925,"y":1.2918412685394288,"z":-2.7402119636535646},"rotation":{"x":0.15364354848861695,"y":0.015184585936367512,"z":-0.003631835337728262,"w":0.9885348677635193},"size":6.0902838706970219,"orthographic":false}