{"cameraMode":{"drawMode":2,"name":"Shaded Wireframe","section":"Shading Mode"},"sceneLighting":true,"audioPlay":false,"sceneViewState":{"showFog":true,"showMaterialUpdate":false,"showSkybox":true,"showFlares":true,"showImageEffects":true,"showParticleSystems":true},"in2DMode":false,"pivot":{"x":4382.14111328125,"y":-7.4461669921875,"z":3596.97021484375},"rotation":{"x":-0.17945007979869843,"y":0.1537303477525711,"z":-0.02357049100100994,"w":-0.9720816612243652},"size":1243.540771484375,"orthographic":false}