{"cameraMode":{"drawMode":0,"name":"Shaded","section":"Shading Mode"},"sceneLighting":false,"audioPlay":false,"sceneViewState":{"showFog":true,"showMaterialUpdate":false,"showSkybox":false,"showFlares":true,"showImageEffects":true,"showParticleSystems":true},"in2DMode":false,"pivot":{"x":0.000003933906555175781,"y":1.3059865236282349,"z":-2.9339993000030519},"rotation":{"x":0.15364354848861695,"y":0.015184585936367512,"z":-0.003631835337728262,"w":0.9885348677635193},"size":6.317410945892334,"orthographic":false}