{"cameraMode":{"drawMode":2,"name":"Shaded Wireframe","section":"Shading Mode"},"sceneLighting":true,"audioPlay":false,"sceneViewState":{"showFog":true,"showMaterialUpdate":false,"showSkybox":true,"showFlares":true,"showImageEffects":true,"showParticleSystems":true},"in2DMode":false,"pivot":{"x":4632.84814453125,"y":363.4784240722656,"z":7086.9892578125},"rotation":{"x":-0.14384891092777253,"y":0.06398068368434906,"z":-0.005569248925894499,"w":-0.9881944060325623},"size":1374.2628173828125,"orthographic":false}