{"cameraMode":{"drawMode":0,"name":"Shaded","section":"Shading Mode"},"sceneLighting":false,"audioPlay":false,"sceneViewState":{"showFog":true,"showMaterialUpdate":false,"showSkybox":false,"showFlares":true,"showImageEffects":true,"showParticleSystems":true},"in2DMode":false,"pivot":{"x":10.0,"y":157.55999755859376,"z":54.29589080810547},"rotation":{"x":-0.6823193430900574,"y":0.00976503174751997,"z":-0.0000751622355892323,"w":-0.7318881750106812},"size":4.8545708656311039,"orthographic":false}