{"cameraMode":{"drawMode":2,"name":"Shaded Wireframe","section":"Shading Mode"},"sceneLighting":true,"audioPlay":false,"sceneViewState":{"showFog":true,"showMaterialUpdate":false,"showSkybox":true,"showFlares":true,"showImageEffects":true,"showParticleSystems":true},"in2DMode":false,"pivot":{"x":1997.1796875,"y":23.584716796875,"z":1642.17822265625},"rotation":{"x":0.682860791683197,"y":0.022663548588752748,"z":-0.027669133618474008,"w":0.7305846214294434},"size":3731.41943359375,"orthographic":false}