{"cameraMode":{"drawMode":0,"name":"Shaded","section":"Shading Mode"},"sceneLighting":true,"audioPlay":false,"sceneViewState":{"showFog":true,"showMaterialUpdate":false,"showSkybox":true,"showFlares":true,"showImageEffects":true,"showParticleSystems":true},"in2DMode":false,"pivot":{"x":43.287620544433597,"y":28.27699851989746,"z":51.09882354736328},"rotation":{"x":-0.0541032999753952,"y":-0.8345329761505127,"z":0.08525608479976654,"w":-0.542297899723053},"size":127.6270751953125,"orthographic":false}